{"cameraMode":{"drawMode":0,"name":"Shaded","section":"Shading Mode"},"sceneLighting":false,"audioPlay":false,"sceneViewState":{"m_AlwaysRefresh":false,"showFog":true,"showSkybox":false,"showFlares":true,"showImageEffects":true,"showParticleSystems":true,"showVisualEffectGraphs":true,"m_FxEnabled":true},"in2DMode":false,"pivot":{"x":-0.007171809673309326,"y":0.05100063979625702,"z":0.4971288740634918},"rotation":{"x":0.47452619671821597,"y":0.18101412057876588,"z":-0.10039813071489334,"w":0.8555575013160706},"size":0.6709856390953064,"orthographic":false}